{"cameraMode":{"drawMode":0,"name":"Shaded","section":"Shading Mode"},"sceneLighting":true,"audioPlay":false,"sceneViewState":{"showFog":true,"showMaterialUpdate":false,"showSkybox":true,"showFlares":true,"showImageEffects":true,"showParticleSystems":true,"showVisualEffectGraphs":true,"m_FxEnabled":true},"in2DMode":false,"pivot":{"x":4.056334018707275,"y":7.495589733123779,"z":-3.4462497234344484},"rotation":{"x":0.3261735439300537,"y":-0.11419647186994553,"z":0.039664167910814288,"w":0.9374993443489075},"size":4.9829487800598148,"orthographic":false}