{"cameraMode":{"drawMode":0,"name":"Shaded","section":"Shading Mode"},"sceneLighting":true,"audioPlay":false,"sceneViewState":{"showFog":true,"showMaterialUpdate":false,"showSkybox":true,"showFlares":true,"showImageEffects":true,"showParticleSystems":true,"showVisualEffectGraphs":true,"m_FxEnabled":true},"in2DMode":false,"pivot":{"x":-7.458300590515137,"y":4.697550296783447,"z":-2.259323835372925},"rotation":{"x":-0.005247952416539192,"y":0.41813740134239199,"z":0.0022027657832950355,"w":0.9082670211791992},"size":0.8660253882408142,"orthographic":false}