{"cameraMode":{"drawMode":0,"name":"Shaded","section":"Shading Mode"},"sceneLighting":true,"audioPlay":false,"sceneViewState":{"showFog":true,"showMaterialUpdate":false,"showSkybox":true,"showFlares":true,"showImageEffects":true,"showParticleSystems":true,"showVisualEffectGraphs":true,"m_FxEnabled":true},"in2DMode":false,"pivot":{"x":3.030991554260254,"y":-9.267866134643555,"z":22.404830932617189},"rotation":{"x":0.19111379981040955,"y":-0.010002975352108479,"z":0.001948170829564333,"w":0.9814897179603577},"size":15.195242881774903,"orthographic":false}