{"cameraMode":{"drawMode":0,"name":"Shaded","section":"Shading Mode"},"sceneLighting":true,"audioPlay":false,"sceneViewState":{"showFog":true,"showMaterialUpdate":false,"showSkybox":true,"showFlares":true,"showImageEffects":true,"showParticleSystems":true,"showVisualEffectGraphs":true,"m_FxEnabled":true},"in2DMode":false,"pivot":{"x":-8.674064636230469,"y":-0.3495349884033203,"z":18.742799758911134},"rotation":{"x":0.08845020085573197,"y":-0.26242566108703616,"z":0.024116575717926027,"w":0.9605485200881958},"size":16.593584060668947,"orthographic":false}