{"cameraMode":{"drawMode":0,"name":"Shaded","section":"Shading Mode"},"sceneLighting":true,"audioPlay":false,"sceneViewState":{"showFog":true,"showMaterialUpdate":false,"showSkybox":true,"showFlares":true,"showImageEffects":true,"showParticleSystems":true,"showVisualEffectGraphs":true,"m_FxEnabled":true},"in2DMode":false,"pivot":{"x":1.8313193321228028,"y":-4.731140613555908,"z":21.489513397216798},"rotation":{"x":0.13637775182724,"y":-0.005641820374876261,"z":0.0007549157016910613,"w":0.9906074404716492},"size":16.593584060668947,"orthographic":false}