{"cameraMode":{"drawMode":0,"name":"Shaded","section":"Shading Mode"},"sceneLighting":true,"audioPlay":false,"sceneViewState":{"showFog":true,"showMaterialUpdate":false,"showSkybox":true,"showFlares":true,"showImageEffects":true,"showParticleSystems":true,"showVisualEffectGraphs":true,"m_FxEnabled":true},"in2DMode":false,"pivot":{"x":17.703386306762697,"y":16.068614959716798,"z":4.300045967102051},"rotation":{"x":0.16811800003051759,"y":-0.46191754937171938,"z":-0.08962226659059525,"w":-0.8662014603614807},"size":14.142224311828614,"orthographic":false}