{"cameraMode":{"drawMode":0,"name":"Shaded","section":"Shading Mode"},"sceneLighting":false,"audioPlay":false,"sceneViewState":{"showFog":true,"showMaterialUpdate":false,"showSkybox":false,"showFlares":true,"showImageEffects":true,"showParticleSystems":true,"showVisualEffectGraphs":true,"m_FxEnabled":true},"in2DMode":false,"pivot":{"x":1.6664488315582276,"y":1.1396065950393677,"z":-2.0648043155670168},"rotation":{"x":-0.06547560542821884,"y":0.7710574865341187,"z":-0.08031536638736725,"w":-0.6282501816749573},"size":0.08660245686769486,"orthographic":false}