{"cameraMode":{"drawMode":0,"name":"Shaded","section":"Shading Mode"},"sceneLighting":false,"audioPlay":false,"sceneViewState":{"showFog":true,"showMaterialUpdate":false,"showSkybox":false,"showFlares":true,"showImageEffects":true,"showParticleSystems":true,"showVisualEffectGraphs":true,"m_FxEnabled":true},"in2DMode":false,"pivot":{"x":1.405583143234253,"y":1.0749536752700806,"z":-2.392521858215332},"rotation":{"x":-0.06883760541677475,"y":0.10961297154426575,"z":-0.007583016529679298,"w":-0.9915429353713989},"size":0.08660245686769486,"orthographic":false}